timeStamp,elapsed,label,responseCode,responseMessage,threadName,success,failureMessage,bytes,grpThreads,allThreads,Latency,IdleTime,Connect
1745806990433,964,User,200,OK,Scenario 1 1-1,true,,261,4,4,964,0,0
1745806990682,997,User,200,OK,Scenario 1 1-2,true,,261,5,5,997,0,1
1745806990933,965,User,200,OK,Scenario 1 1-3,true,,261,6,6,965,0,1
1745806991182,963,User,200,OK,Scenario 1 1-4,true,,261,7,7,963,0,1
1745806991398,959,User,200,OK,Scenario 1 1-1,true,,260,8,8,959,0,0
1745806991432,975,User,200,OK,Scenario 1 1-5,true,,261,8,8,975,0,1
1745806991680,983,User,200,OK,Scenario 1 1-2,true,,261,9,9,983,0,0
1745806991683,1178,User,200,OK,Scenario 1 1-6,true,,261,10,10,1178,0,1
1745806992358,504,User,200,OK,Scenario 1 1-1,true,,257,10,10,504,0,0
1745806991898,1226,User,200,OK,Scenario 1 1-3,true,,261,11,11,1226,0,0
1745806991933,1382,User,200,OK,Scenario 1 1-7,true,,261,12,12,1382,0,1
1745806992146,1243,User,200,OK,Scenario 1 1-4,true,,260,12,12,1243,0,0
1745806992184,1470,User,200,OK,Scenario 1 1-8,true,,261,13,13,1470,0,0
1745806992407,1414,User,200,OK,Scenario 1 1-5,true,,261,14,14,1414,0,0
1745806992432,1683,User,200,OK,Scenario 1 1-9,true,,260,15,15,1683,0,1
1745806992933,1183,User,200,OK,Scenario 1 1-11,true,,258,15,15,1183,0,1
1745806992663,1608,User,200,OK,Scenario 1 1-2,true,,261,16,16,1608,0,0
1745806992683,1688,User,200,OK,Scenario 1 1-10,true,,261,16,16,1688,0,1
1745806993315,1056,User,200,OK,Scenario 1 1-7,true,,257,16,16,1056,0,0
1745806992862,1756,User,200,OK,Scenario 1 1-6,true,,261,17,17,1756,0,0
1745806993433,1185,User,200,OK,Scenario 1 1-13,true,,258,17,17,1185,0,1
1745806992862,1917,User,200,OK,Scenario 1 1-1,true,,261,18,18,1917,0,0
1745806993683,1096,User,200,OK,Scenario 1 1-14,true,,258,18,18,1096,0,1
1745806993124,1983,User,200,OK,Scenario 1 1-3,true,,261,19,19,1983,0,0
1745806993934,1173,User,200,OK,Scenario 1 1-15,true,,258,19,19,1173,0,0
1745806994116,991,User,200,OK,Scenario 1 1-9,true,,258,19,19,991,0,0
1745806993184,2043,User,200,OK,Scenario 1 1-12,true,,261,20,20,2043,0,0
1745806993389,1966,User,200,OK,Scenario 1 1-4,true,,261,20,20,1966,0,0
1745806993654,1955,User,200,OK,Scenario 1 1-8,true,,261,20,20,1955,0,0
1745806994371,1239,User,200,OK,Scenario 1 1-10,true,,257,20,20,1239,0,0
1745806993822,1933,User,200,OK,Scenario 1 1-5,true,,261,20,20,1933,0,0
1745806994116,1983,User,200,OK,Scenario 1 1-11,true,,261,20,20,1982,0,0
1745806994618,1481,User,200,OK,Scenario 1 1-6,true,,258,20,20,1481,0,0
1745806994184,1998,User,200,OK,Scenario 1 1-16,true,,261,20,20,1998,0,1
1745806994684,1499,User,200,OK,Scenario 1 1-18,true,,258,20,20,1499,0,0
1745806994293,2046,User,200,OK,Scenario 1 1-2,true,,261,20,20,2046,0,0
1745806994372,2229,User,200,OK,Scenario 1 1-7,true,,261,20,20,2229,0,0
1745806994434,2284,User,200,OK,Scenario 1 1-17,true,,261,20,20,2284,0,0
1745806994619,2457,User,200,OK,Scenario 1 1-13,true,,261,20,20,2457,0,0
1745806994793,2346,User,200,OK,Scenario 1 1-14,true,,261,20,20,2346,0,0
1745806994793,2531,User,200,OK,Scenario 1 1-1,true,,262,20,20,2531,0,0
1745806994933,2658,User,200,OK,Scenario 1 1-19,true,,261,20,20,2658,0,1
1745806995227,2365,User,200,OK,Scenario 1 1-12,true,,258,20,20,2365,0,0
1745806995107,2602,User,200,OK,Scenario 1 1-3,true,,262,20,20,2602,0,0
1745806995107,2960,User,200,OK,Scenario 1 1-15,true,,261,20,20,2960,0,0
1745806995610,2457,User,200,OK,Scenario 1 1-10,true,,258,20,20,2457,0,0
1745806995108,2986,User,200,OK,Scenario 1 1-9,true,,261,20,20,2986,0,0
1745806995183,3127,User,200,OK,Scenario 1 1-20,true,,261,20,20,3127,0,1
1745806996099,2212,User,200,OK,Scenario 1 1-6,true,,258,20,20,2212,0,0
1745806996183,2128,User,200,OK,Scenario 1 1-16,true,,258,20,20,2128,0,0
1745806995355,3228,User,200,OK,Scenario 1 1-4,true,,261,20,20,3228,0,0
1745806995610,3059,User,200,OK,Scenario 1 1-8,true,,261,20,20,3059,0,0
1745806996099,2951,User,200,OK,Scenario 1 1-11,true,,261,20,20,2951,0,0
1745806996719,2332,User,200,OK,Scenario 1 1-17,true,,258,20,20,2332,0,0
1745806995755,3303,User,200,OK,Scenario 1 1-5,true,,260,20,20,3303,0,0
1745806996183,3116,User,200,OK,Scenario 1 1-18,true,,261,20,20,3116,0,0
1745806996339,3235,User,200,OK,Scenario 1 1-2,true,,261,20,20,3235,0,0
1745806997593,1982,User,200,OK,Scenario 1 1-19,true,,258,20,20,1982,0,0
1745806997593,1983,User,200,OK,Scenario 1 1-12,true,,258,20,20,1983,0,0
1745806996601,3025,User,200,OK,Scenario 1 1-7,true,,261,20,20,3025,0,0
1745806998068,1560,User,200,OK,Scenario 1 1-15,true,,257,20,20,1560,0,0
1745806997077,2931,User,200,OK,Scenario 1 1-13,true,,261,20,20,2931,0,0
1745806997140,2910,User,200,OK,Scenario 1 1-14,true,,261,20,20,2910,0,0
1745806997337,2952,User,200,OK,Scenario 1 1-1,true,,261,20,20,2952,0,0
1745806998312,1977,User,200,OK,Scenario 1 1-6,true,,258,20,20,1977,0,0
1745806998312,1978,User,200,OK,Scenario 1 1-16,true,,258,20,20,1978,0,0
1745806998584,1706,User,200,OK,Scenario 1 1-4,true,,258,20,20,1706,0,0
1745806997711,2856,User,200,OK,Scenario 1 1-3,true,,261,20,20,2856,0,0
1745806998069,2550,User,200,OK,Scenario 1 1-10,true,,261,20,20,2550,0,0
1745806999052,1567,User,200,OK,Scenario 1 1-17,true,,258,20,20,1567,0,0
1745806998096,2869,User,200,OK,Scenario 1 1-9,true,,261,20,20,2869,0,0
1745806999300,1665,User,200,OK,Scenario 1 1-18,true,,258,20,20,1665,0,0
1745806999575,1391,User,200,OK,Scenario 1 1-2,true,,257,20,20,1391,0,0
1745806998312,2729,User,200,OK,Scenario 1 1-20,true,,261,20,20,2729,0,0
1745806999576,1466,User,200,OK,Scenario 1 1-12,true,,258,20,20,1466,0,0
1745806998670,2611,User,200,OK,Scenario 1 1-8,true,,261,20,20,2611,0,0
1745806999628,1653,User,200,OK,Scenario 1 1-15,true,,258,20,20,1653,0,0
1745807000008,1274,User,200,OK,Scenario 1 1-13,true,,257,20,20,1274,0,0
1745807000051,1231,User,200,OK,Scenario 1 1-14,true,,258,20,20,1231,0,0
1745806999052,2507,User,200,OK,Scenario 1 1-11,true,,261,20,20,2507,0,0
1745807000289,1270,User,200,OK,Scenario 1 1-6,true,,258,20,20,1270,0,0
1745807000290,1270,User,200,OK,Scenario 1 1-16,true,,258,20,20,1270,0,0
1745807000290,1270,User,200,OK,Scenario 1 1-4,true,,258,20,20,1270,0,0
1745806999060,2535,User,200,OK,Scenario 1 1-5,true,,261,20,20,2535,0,0
1745806999576,2372,User,200,OK,Scenario 1 1-19,true,,261,20,20,2372,0,0
1745807000619,1330,User,200,OK,Scenario 1 1-17,true,,258,20,20,1330,0,0
1745807000965,984,User,200,OK,Scenario 1 1-9,true,,259,20,20,984,0,0
1745806999628,2395,User,200,OK,Scenario 1 1-7,true,,261,20,20,2394,0,0
1745807000966,1057,User,200,OK,Scenario 1 1-2,true,,259,20,20,1057,0,0
1745807001042,981,User,200,OK,Scenario 1 1-20,true,,258,20,20,981,0,0
1745807001042,982,User,200,OK,Scenario 1 1-12,true,,258,20,20,982,0,0
1745807000289,1955,User,200,OK,Scenario 1 1-1,true,,261,20,20,1955,0,0
1745807000567,1972,User,200,OK,Scenario 1 1-3,true,,260,20,20,1972,0,0
1745807000619,1935,User,200,OK,Scenario 1 1-10,true,,261,20,20,1935,0,0
1745807000966,1962,User,200,OK,Scenario 1 1-18,true,,260,20,20,1962,0,0
1745807001559,1369,User,200,OK,Scenario 1 1-11,true,,258,20,20,1369,0,0
1745807001559,1370,User,200,OK,Scenario 1 1-6,true,,258,20,20,1370,0,0
1745807001281,1735,User,200,OK,Scenario 1 1-8,true,,261,20,20,1734,0,0
1745807001560,1456,User,200,OK,Scenario 1 1-4,true,,258,20,20,1456,0,0
1745807001595,1421,User,200,OK,Scenario 1 1-5,true,,257,20,20,1421,0,0
1745807001282,1922,User,200,OK,Scenario 1 1-15,true,,261,20,20,1922,0,0
1745807001948,1256,User,200,OK,Scenario 1 1-17,true,,258,20,20,1256,0,0
1745807001948,1256,User,200,OK,Scenario 1 1-9,true,,258,20,20,1256,0,0
1745807001282,2219,User,200,OK,Scenario 1 1-13,true,,261,20,20,2219,0,0
1745807002022,1478,User,200,OK,Scenario 1 1-2,true,,258,20,20,1478,0,0
1745807001282,2230,User,200,OK,Scenario 1 1-14,true,,261,20,20,2230,0,0
1745807002023,1488,User,200,OK,Scenario 1 1-12,true,,258,20,20,1488,0,0
1745807001560,2348,User,200,OK,Scenario 1 1-16,true,,261,20,20,2348,0,0
1745807001947,2060,User,200,OK,Scenario 1 1-19,true,,261,20,20,2060,0,0
1745807002022,2142,User,200,OK,Scenario 1 1-7,true,,261,20,20,2142,0,0
1745807002927,1238,User,200,OK,Scenario 1 1-18,true,,258,20,20,1238,0,0
1745807002023,2468,User,200,OK,Scenario 1 1-20,true,,261,20,20,2468,0,0
1745807002928,1564,User,200,OK,Scenario 1 1-6,true,,258,20,20,1564,0,0
1745807003015,1477,User,200,OK,Scenario 1 1-8,true,,258,20,20,1477,0,0
1745807003015,1477,User,200,OK,Scenario 1 1-4,true,,258,20,20,1477,0,0
1745807003015,1478,User,200,OK,Scenario 1 1-5,true,,258,20,20,1478,0,0
1745807002243,2260,User,200,OK,Scenario 1 1-1,true,,260,20,20,2260,0,0
1745807003204,1299,User,200,OK,Scenario 1 1-17,true,,258,20,20,1299,0,0
1745807002539,2348,User,200,OK,Scenario 1 1-3,true,,261,20,20,2348,0,0
1745807003500,1388,User,200,OK,Scenario 1 1-13,true,,257,20,20,1388,0,0
1745807003500,1388,User,200,OK,Scenario 1 1-2,true,,258,20,20,1388,0,0
1745807002553,2445,User,200,OK,Scenario 1 1-10,true,,260,20,20,2445,0,0
1745807003511,1488,User,200,OK,Scenario 1 1-12,true,,258,20,20,1488,0,0
1745807003922,1077,User,200,OK,Scenario 1 1-16,true,,257,20,20,1077,0,0
1745807004007,992,User,200,OK,Scenario 1 1-19,true,,258,20,20,992,0,0
1745807004165,835,User,200,OK,Scenario 1 1-7,true,,258,20,20,835,0,0
1745807004165,835,User,200,OK,Scenario 1 1-18,true,,257,20,20,835,0,0
1745807002928,2196,User,200,OK,Scenario 1 1-11,true,,261,20,20,2196,0,0
1745807004492,632,User,200,OK,Scenario 1 1-6,true,,258,20,20,632,0,0
1745807004492,632,User,200,OK,Scenario 1 1-8,true,,258,20,20,632,0,0
1745807003204,2274,User,200,OK,Scenario 1 1-9,true,,261,20,20,2273,0,0
1745807004493,985,User,200,OK,Scenario 1 1-5,true,,258,20,20,985,0,0
1745807004504,974,User,200,OK,Scenario 1 1-17,true,,258,20,20,974,0,0
1745807004504,975,User,200,OK,Scenario 1 1-1,true,,258,20,20,975,0,0
1745807003204,2280,User,200,OK,Scenario 1 1-15,true,,260,20,20,2280,0,0
1745807004888,597,User,200,OK,Scenario 1 1-13,true,,258,20,20,597,0,0
1745807003511,2358,User,200,OK,Scenario 1 1-14,true,,261,20,20,2358,0,0
1745807004999,871,User,200,OK,Scenario 1 1-10,true,,257,20,20,870,0,0
1745807004999,871,User,200,OK,Scenario 1 1-12,true,,257,20,20,871,0,0
1745807004492,1478,User,200,OK,Scenario 1 1-20,true,,260,20,20,1478,0,0
1745807004999,971,User,200,OK,Scenario 1 1-19,true,,258,20,20,971,0,0
1745807005000,971,User,200,OK,Scenario 1 1-7,true,,258,20,20,971,0,0
1745807005000,971,User,200,OK,Scenario 1 1-18,true,,257,20,20,971,0,0
1745807005124,847,User,200,OK,Scenario 1 1-11,true,,258,20,20,847,0,0
1745807004493,1590,User,200,OK,Scenario 1 1-4,true,,261,20,20,1590,0,0
1745807005125,958,User,200,OK,Scenario 1 1-8,true,,258,20,20,958,0,0
1745807005478,605,User,200,OK,Scenario 1 1-9,true,,258,20,20,605,0,0
1745807005478,606,User,200,OK,Scenario 1 1-5,true,,258,20,20,606,0,0
1745807005478,606,User,200,OK,Scenario 1 1-17,true,,258,20,20,606,0,0
1745807004887,1583,User,200,OK,Scenario 1 1-3,true,,261,20,20,1583,0,0
1745807005484,987,User,200,OK,Scenario 1 1-15,true,,258,20,20,987,0,0
1745807005485,986,User,200,OK,Scenario 1 1-13,true,,259,20,20,986,0,0
1745807005869,602,User,200,OK,Scenario 1 1-14,true,,258,20,20,602,0,0
1745807005870,601,User,200,OK,Scenario 1 1-10,true,,258,20,20,601,0,0
1745807005870,602,User,200,OK,Scenario 1 1-12,true,,258,20,20,602,0,0
1745807005970,502,User,200,OK,Scenario 1 1-20,true,,258,20,20,502,0,0
1745807005971,501,User,200,OK,Scenario 1 1-19,true,,258,20,20,501,0,0
1745807005971,502,User,200,OK,Scenario 1 1-7,true,,258,20,20,502,0,0
1745807005971,502,User,200,OK,Scenario 1 1-18,true,,258,20,20,502,0,0
1745807005972,501,User,200,OK,Scenario 1 1-11,true,,258,20,20,501,0,0
1745807006083,391,User,200,OK,Scenario 1 1-4,true,,258,20,20,391,0,0
1745807006083,391,User,200,OK,Scenario 1 1-8,true,,258,20,20,391,0,0
1745807006083,391,User,200,OK,Scenario 1 1-9,true,,258,20,20,391,0,0
1745807006084,391,User,200,OK,Scenario 1 1-5,true,,258,20,20,391,0,0
1745807006084,391,User,200,OK,Scenario 1 1-17,true,,258,20,20,391,0,0
1745807006470,5,User,200,OK,Scenario 1 1-3,true,,257,20,20,5,0,0
1745807006471,5,User,200,OK,Scenario 1 1-15,true,,258,20,20,5,0,0
1745807006471,5,User,200,OK,Scenario 1 1-13,true,,257,20,20,5,0,0
1745807004888,1588,User,200,OK,Scenario 1 1-2,true,,261,20,20,1588,0,0
1745807006472,4,User,200,OK,Scenario 1 1-10,true,,257,20,20,4,0,0
1745807004999,1853,User,200,OK,Scenario 1 1-16,true,,261,20,20,1853,0,0
1745807006472,380,User,200,OK,Scenario 1 1-20,true,,258,20,20,380,0,0
1745807005124,1816,User,200,OK,Scenario 1 1-6,true,,260,20,20,1816,0,0
1745807005479,1569,User,200,OK,Scenario 1 1-1,true,,261,20,20,1569,0,0
1745807006473,575,User,200,OK,Scenario 1 1-18,true,,258,20,20,575,0,0
1745807006474,574,User,200,OK,Scenario 1 1-11,true,,258,20,20,574,0,0
1745807007049,422,User,200,OK,Scenario 1 1-18,true,,258,20,20,422,0,0
1745807006941,530,User,200,OK,Scenario 1 1-6,true,,259,20,20,530,0,0
1745807006853,618,User,200,OK,Scenario 1 1-20,true,,257,20,20,618,0,0
1745807007050,421,User,200,OK,Scenario 1 1-11,true,,258,20,20,421,0,0
1745807006853,617,User,200,OK,Scenario 1 1-16,true,,258,20,20,617,0,0
1745807006476,993,User,200,OK,Scenario 1 1-10,true,,258,20,20,993,0,0
1745807006476,993,User,200,OK,Scenario 1 1-2,true,,258,20,20,993,0,0
1745807006476,993,User,200,OK,Scenario 1 1-13,true,,257,20,20,993,0,0
1745807006476,993,User,200,OK,Scenario 1 1-15,true,,258,20,20,993,0,0
1745807006476,993,User,200,OK,Scenario 1 1-3,true,,257,20,20,993,0,0
1745807006475,993,User,200,OK,Scenario 1 1-17,true,,258,20,20,993,0,0
1745807006475,993,User,200,OK,Scenario 1 1-5,true,,258,20,20,993,0,0
1745807006475,993,User,200,OK,Scenario 1 1-9,true,,258,20,20,993,0,0
1745807006474,994,User,200,OK,Scenario 1 1-8,true,,258,20,20,994,0,0
1745807006471,997,User,200,OK,Scenario 1 1-14,true,,261,20,20,997,0,0
1745807006472,996,User,200,OK,Scenario 1 1-12,true,,261,20,20,996,0,0
1745807007479,2,User,200,OK,Scenario 1 1-20,true,,258,20,20,2,0,0
1745807007479,2,User,200,OK,Scenario 1 1-15,true,,258,20,20,2,0,0
1745807007479,3,User,200,OK,Scenario 1 1-16,true,,257,20,20,2,0,0
1745807007479,3,User,200,OK,Scenario 1 1-13,true,,258,20,20,3,0,0
1745807007479,3,User,200,OK,Scenario 1 1-18,true,,258,20,20,3,0,0
1745807007479,4,User,200,OK,Scenario 1 1-2,true,,258,20,20,4,0,0
1745807006473,1362,User,200,OK,Scenario 1 1-19,true,,260,20,20,1362,0,0
1745807007480,356,User,200,OK,Scenario 1 1-12,true,,257,20,20,356,0,0
1745807007480,356,User,200,OK,Scenario 1 1-14,true,,258,20,20,356,0,0
1745807006473,1434,User,200,OK,Scenario 1 1-7,true,,261,20,20,1434,0,0
1745807007479,429,User,200,OK,Scenario 1 1-10,true,,258,20,20,429,0,0
1745807007479,430,User,200,OK,Scenario 1 1-3,true,,258,20,20,430,0,0
1745807006474,1537,User,200,OK,Scenario 1 1-4,true,,261,20,20,1537,0,0
1745807007480,533,User,200,OK,Scenario 1 1-5,true,,258,20,20,533,0,0
1745807007480,533,User,200,OK,Scenario 1 1-9,true,,258,20,20,533,0,0
1745807007049,1413,User,200,OK,Scenario 1 1-1,true,,261,20,20,1413,0,0
1745807007481,981,User,200,OK,Scenario 1 1-20,true,,258,20,20,981,0,0
1745807007481,982,User,200,OK,Scenario 1 1-15,true,,258,20,20,982,0,0
1745807007836,640,User,200,OK,Scenario 1 1-14,true,,258,20,20,640,0,0
1745807007836,640,User,200,OK,Scenario 1 1-12,true,,258,20,20,640,0,0
1745807007836,639,User,200,OK,Scenario 1 1-19,true,,258,20,20,639,0,0
1745807007908,568,User,200,OK,Scenario 1 1-7,true,,258,20,20,568,0,0
1745807007483,992,User,200,OK,Scenario 1 1-2,true,,257,20,20,992,0,0
1745807007482,993,User,200,OK,Scenario 1 1-13,true,,258,20,20,993,0,0
1745807007482,993,User,200,OK,Scenario 1 1-18,true,,258,20,20,993,0,0
1745807007479,995,User,200,OK,Scenario 1 1-17,true,,261,20,20,995,0,0
1745807007479,1341,User,200,OK,Scenario 1 1-6,true,,261,20,20,1341,0,0
1745807007479,1417,User,200,OK,Scenario 1 1-11,true,,261,20,20,1417,0,0
1745807008013,884,User,200,OK,Scenario 1 1-4,true,,258,20,20,884,0,0
1745807008013,884,User,200,OK,Scenario 1 1-5,true,,258,20,20,884,0,0
1745807008013,884,User,200,OK,Scenario 1 1-9,true,,258,20,20,884,0,0
1745807007480,1496,User,200,OK,Scenario 1 1-8,true,,261,20,20,1496,0,0
1745807008462,514,User,200,OK,Scenario 1 1-20,true,,258,20,20,514,0,0
1745807008463,513,User,200,OK,Scenario 1 1-15,true,,258,20,20,513,0,0
1745807008495,482,User,200,OK,Scenario 1 1-12,true,,257,20,20,482,0,0
1745807008495,482,User,200,OK,Scenario 1 1-13,true,,258,20,20,482,0,0
1745807008495,482,User,200,OK,Scenario 1 1-14,true,,257,20,20,482,0,0
1745807008495,482,User,200,OK,Scenario 1 1-17,true,,258,20,20,482,0,0
1745807008495,483,User,200,OK,Scenario 1 1-18,true,,258,20,20,483,0,0
1745807007482,1949,User,200,OK,Scenario 1 1-16,true,,261,20,20,1949,0,0
1745807008495,937,User,200,OK,Scenario 1 1-19,true,,258,20,20,937,0,0
1745807007909,1559,User,200,OK,Scenario 1 1-10,true,,261,20,20,1559,0,0
1745807008820,648,User,200,OK,Scenario 1 1-6,true,,258,20,20,648,0,0
1745807007909,1896,User,200,OK,Scenario 1 1-3,true,,261,20,20,1896,0,0
1745807008897,909,User,200,OK,Scenario 1 1-4,true,,258,20,20,909,0,0
1745807008462,1427,User,200,OK,Scenario 1 1-1,true,,261,20,20,1427,0,0
1745807008897,992,User,200,OK,Scenario 1 1-9,true,,257,20,20,992,0,0
1745807008976,913,User,200,OK,Scenario 1 1-8,true,,258,20,20,913,0,0
1745807008495,1444,User,200,OK,Scenario 1 1-2,true,,261,20,20,1444,0,0
1745807008976,964,User,200,OK,Scenario 1 1-15,true,,258,20,20,964,0,0
1745807008977,963,User,200,OK,Scenario 1 1-12,true,,258,20,20,963,0,0
1745807008495,1906,User,200,OK,Scenario 1 1-7,true,,261,20,20,1906,0,0
1745807008977,1424,User,200,OK,Scenario 1 1-14,true,,258,20,20,1424,0,0
1745807008978,1424,User,200,OK,Scenario 1 1-17,true,,258,20,20,1424,0,0
1745807008978,1424,User,200,OK,Scenario 1 1-18,true,,258,20,20,1424,0,0
1745807009432,971,User,200,OK,Scenario 1 1-16,true,,257,20,20,970,0,0
1745807008896,1564,User,200,OK,Scenario 1 1-11,true,,261,20,20,1564,0,0
1745807009468,992,User,200,OK,Scenario 1 1-10,true,,258,20,20,992,0,0
1745807008897,1895,User,200,OK,Scenario 1 1-5,true,,260,20,20,1895,0,0
1745807008976,1906,User,200,OK,Scenario 1 1-20,true,,261,20,20,1906,0,0
1745807009806,1076,User,200,OK,Scenario 1 1-4,true,,258,20,20,1076,0,0
1745807009889,994,User,200,OK,Scenario 1 1-1,true,,258,20,20,994,0,0
1745807009889,994,User,200,OK,Scenario 1 1-9,true,,259,20,20,994,0,0
1745807009890,993,User,200,OK,Scenario 1 1-8,true,,257,20,20,993,0,0
1745807009940,944,User,200,OK,Scenario 1 1-2,true,,257,20,20,944,0,0
1745807009940,944,User,200,OK,Scenario 1 1-15,true,,258,20,20,944,0,0
1745807009940,944,User,200,OK,Scenario 1 1-12,true,,258,20,20,944,0,0
1745807010401,484,User,200,OK,Scenario 1 1-7,true,,258,20,20,484,0,0
1745807010402,483,User,200,OK,Scenario 1 1-14,true,,258,20,20,483,0,0
1745807010402,483,User,200,OK,Scenario 1 1-17,true,,258,20,20,483,0,0
1745807010402,484,User,200,OK,Scenario 1 1-18,true,,258,20,20,483,0,0
1745807010403,483,User,200,OK,Scenario 1 1-16,true,,258,20,20,483,0,0
1745807010460,426,User,200,OK,Scenario 1 1-11,true,,258,20,20,426,0,0
1745807008977,1925,User,200,OK,Scenario 1 1-13,true,,261,20,20,1925,0,0
1745807010792,111,User,200,OK,Scenario 1 1-5,true,,258,20,20,111,0,0
1745807009432,1963,User,200,OK,Scenario 1 1-19,true,,261,20,20,1963,0,0
1745807010882,513,User,200,OK,Scenario 1 1-4,true,,258,20,20,513,0,0
1745807010883,513,User,200,OK,Scenario 1 1-1,true,,258,20,20,513,0,0
1745807010883,513,User,200,OK,Scenario 1 1-9,true,,258,20,20,513,0,0
1745807010883,513,User,200,OK,Scenario 1 1-8,true,,258,20,20,513,0,0
1745807009468,1985,User,200,OK,Scenario 1 1-6,true,,261,20,20,1985,0,0
1745807010884,569,User,200,OK,Scenario 1 1-15,true,,258,20,20,569,0,0
1745807010884,569,User,200,OK,Scenario 1 1-12,true,,258,20,20,569,0,0
1745807009805,1948,User,200,OK,Scenario 1 1-3,true,,261,20,20,1948,0,0
1745807010885,869,User,200,OK,Scenario 1 1-14,true,,258,20,20,869,0,0
1745807010885,869,User,200,OK,Scenario 1 1-17,true,,258,20,20,869,0,0
1745807010886,868,User,200,OK,Scenario 1 1-18,true,,258,20,20,868,0,0
1745807010886,869,User,200,OK,Scenario 1 1-16,true,,258,20,20,869,0,0
1745807010886,869,User,200,OK,Scenario 1 1-11,true,,258,20,20,869,0,0
1745807010903,852,User,200,OK,Scenario 1 1-5,true,,258,20,20,852,0,0
1745807010903,852,User,200,OK,Scenario 1 1-13,true,,258,20,20,852,0,0
1745807010460,1392,User,200,OK,Scenario 1 1-10,true,,261,20,20,1392,0,0
1745807010882,983,User,200,OK,Scenario 1 1-20,true,,261,20,20,983,0,0
1745807011396,469,User,200,OK,Scenario 1 1-1,true,,258,20,20,469,0,0
1745807011396,470,User,200,OK,Scenario 1 1-9,true,,258,20,20,470,0,0
1745807011397,469,User,200,OK,Scenario 1 1-8,true,,258,20,20,469,0,0
1745807010884,1500,User,200,OK,Scenario 1 1-2,true,,261,20,20,1500,0,0
1745807011453,932,User,200,OK,Scenario 1 1-15,true,,258,20,20,932,0,0
1745807011454,931,User,200,OK,Scenario 1 1-12,true,,258,20,20,931,0,0
1745807011754,632,User,200,OK,Scenario 1 1-3,true,,258,20,20,631,0,0
1745807011754,632,User,200,OK,Scenario 1 1-14,true,,257,20,20,632,0,0
1745807011754,632,User,200,OK,Scenario 1 1-17,true,,258,20,20,632,0,0
1745807011755,632,User,200,OK,Scenario 1 1-18,true,,258,20,20,632,0,0
1745807011755,632,User,200,OK,Scenario 1 1-16,true,,258,20,20,632,0,0
1745807011755,632,User,200,OK,Scenario 1 1-11,true,,258,20,20,632,0,0
1745807011755,633,User,200,OK,Scenario 1 1-5,true,,258,20,20,633,0,0
1745807011756,632,User,200,OK,Scenario 1 1-13,true,,258,20,20,632,0,0
1745807010885,1559,User,200,OK,Scenario 1 1-7,true,,261,20,20,1559,0,0
1745807011865,578,User,200,OK,Scenario 1 1-20,true,,258,20,20,578,0,0
1745807011395,1332,User,200,OK,Scenario 1 1-19,true,,261,20,20,1332,0,0
1745807011865,862,User,200,OK,Scenario 1 1-9,true,,258,20,20,862,0,0
1745807011865,862,User,200,OK,Scenario 1 1-8,true,,258,20,20,862,0,0
1745807012384,344,User,200,OK,Scenario 1 1-2,true,,258,20,20,344,0,0
1745807011453,1375,User,200,OK,Scenario 1 1-6,true,,261,20,20,1375,0,0
1745807012384,443,User,200,OK,Scenario 1 1-12,true,,258,20,20,443,0,0
1745807012385,442,User,200,OK,Scenario 1 1-3,true,,258,20,20,442,0,0
1745807012385,443,User,200,OK,Scenario 1 1-14,true,,258,20,20,443,0,0
1745807012385,443,User,200,OK,Scenario 1 1-17,true,,258,20,20,443,0,0
1745807012386,442,User,200,OK,Scenario 1 1-18,true,,258,20,20,442,0,0
1745807012386,443,User,200,OK,Scenario 1 1-16,true,,257,20,20,443,0,0
1745807012386,443,User,200,OK,Scenario 1 1-11,true,,258,20,20,443,0,0
1745807011395,1449,User,200,OK,Scenario 1 1-4,true,,261,20,20,1449,0,0
1745807012387,456,User,200,OK,Scenario 1 1-13,true,,258,20,20,456,0,0
1745807012443,400,User,200,OK,Scenario 1 1-7,true,,258,20,20,400,0,0
1745807012443,401,User,200,OK,Scenario 1 1-20,true,,258,20,20,401,0,0
1745807012726,118,User,200,OK,Scenario 1 1-19,true,,258,20,20,118,0,0
1745807011851,1508,User,200,OK,Scenario 1 1-10,true,,260,20,20,1508,0,0
1745807011865,1570,User,200,OK,Scenario 1 1-1,true,,261,20,20,1570,0,0
1745807012728,707,User,200,OK,Scenario 1 1-2,true,,258,20,20,707,0,0
1745807012827,608,User,200,OK,Scenario 1 1-6,true,,257,20,20,608,0,0
1745807012827,609,User,200,OK,Scenario 1 1-12,true,,257,20,20,609,0,0
1745807012384,1332,User,200,OK,Scenario 1 1-15,true,,261,20,20,1332,0,0
1745807012828,888,User,200,OK,Scenario 1 1-14,true,,258,20,20,888,0,0
1745807012828,888,User,200,OK,Scenario 1 1-17,true,,258,20,20,888,0,0
1745807012829,888,User,200,OK,Scenario 1 1-18,true,,257,20,20,888,0,0
1745807012387,1402,User,200,OK,Scenario 1 1-5,true,,261,20,20,1402,0,0
1745807012829,961,User,200,OK,Scenario 1 1-11,true,,258,20,20,961,0,0
1745807012843,947,User,200,OK,Scenario 1 1-4,true,,258,20,20,947,0,0
1745807012843,948,User,200,OK,Scenario 1 1-13,true,,258,20,20,948,0,0
1745807012844,947,User,200,OK,Scenario 1 1-7,true,,258,20,20,947,0,0
1745807012844,947,User,200,OK,Scenario 1 1-20,true,,258,20,20,947,0,0
1745807012844,948,User,200,OK,Scenario 1 1-19,true,,258,20,20,948,0,0
1745807013359,433,User,200,OK,Scenario 1 1-10,true,,258,20,20,433,0,0
1745807013435,357,User,200,OK,Scenario 1 1-1,true,,257,20,20,357,0,0
1745807013435,358,User,200,OK,Scenario 1 1-2,true,,258,20,20,358,0,0
1745807013436,357,User,200,OK,Scenario 1 1-6,true,,257,20,20,357,0,0
1745807013436,357,User,200,OK,Scenario 1 1-12,true,,258,20,20,357,0,0
1745807013716,78,User,200,OK,Scenario 1 1-15,true,,257,20,20,78,0,0
1745807013716,78,User,200,OK,Scenario 1 1-14,true,,258,20,20,78,0,0
1745807013716,78,User,200,OK,Scenario 1 1-17,true,,258,20,20,78,0,0
1745807013717,78,User,200,OK,Scenario 1 1-18,true,,258,20,20,78,0,0
1745807013790,5,User,200,OK,Scenario 1 1-5,true,,257,20,20,5,0,0
1745807013790,5,User,200,OK,Scenario 1 1-11,true,,258,20,20,5,0,0
1745807013790,5,User,200,OK,Scenario 1 1-4,true,,258,20,20,5,0,0
1745807013791,5,User,200,OK,Scenario 1 1-13,true,,257,20,20,5,0,0
1745807013791,5,User,200,OK,Scenario 1 1-7,true,,258,20,20,5,0,0
1745807013791,5,User,200,OK,Scenario 1 1-20,true,,258,20,20,5,0,0
1745807013792,5,User,200,OK,Scenario 1 1-19,true,,258,20,20,5,0,0
1745807012727,1109,User,200,OK,Scenario 1 1-9,true,,261,20,20,1109,0,0
1745807012728,1623,User,200,OK,Scenario 1 1-8,true,,261,20,20,1623,0,0
1745807012828,1600,User,200,OK,Scenario 1 1-3,true,,261,20,20,1600,0,0
1745807013793,635,User,200,OK,Scenario 1 1-6,true,,258,20,20,635,0,0
1745807012829,1877,User,200,OK,Scenario 1 1-16,true,,261,20,20,1877,0,0
1745807013792,964,User,200,OK,Scenario 1 1-10,true,,262,20,20,964,0,0
1745807013794,963,User,200,OK,Scenario 1 1-14,true,,258,20,20,963,0,0
1745807013794,963,User,200,OK,Scenario 1 1-17,true,,258,20,20,963,0,0
1745807013795,963,User,200,OK,Scenario 1 1-18,true,,257,20,20,963,0,0
1745807013792,1036,User,200,OK,Scenario 1 1-1,true,,261,20,20,1036,0,0
1745807013795,1033,User,200,OK,Scenario 1 1-11,true,,258,20,20,1033,0,0
1745807013796,1032,User,200,OK,Scenario 1 1-4,true,,258,20,20,1032,0,0
1745807013796,1033,User,200,OK,Scenario 1 1-13,true,,258,20,20,1033,0,0
1745807013793,1550,User,200,OK,Scenario 1 1-2,true,,261,20,20,1550,0,0
1745807013793,1596,User,200,OK,Scenario 1 1-12,true,,261,20,20,1596,0,0
1745807013797,1592,User,200,OK,Scenario 1 1-19,true,,258,20,20,1592,0,0
1745807013836,1554,User,200,OK,Scenario 1 1-9,true,,258,20,20,1554,0,0
1745807013794,1884,User,200,OK,Scenario 1 1-15,true,,261,20,20,1884,0,0
1745807014428,1251,User,200,OK,Scenario 1 1-3,true,,257,20,20,1251,0,0
1745807014428,1251,User,200,OK,Scenario 1 1-6,true,,258,20,20,1251,0,0
1745807014706,974,User,200,OK,Scenario 1 1-16,true,,258,20,20,974,0,0
1745807014757,923,User,200,OK,Scenario 1 1-10,true,,258,20,20,923,0,0
1745807014757,923,User,200,OK,Scenario 1 1-17,true,,258,20,20,923,0,0
1745807013795,1922,User,200,OK,Scenario 1 1-5,true,,261,20,20,1922,0,0
1745807013796,2011,User,200,OK,Scenario 1 1-7,true,,261,20,20,2011,0,0
1745807014828,979,User,200,OK,Scenario 1 1-1,true,,258,20,20,979,0,0
1745807014828,980,User,200,OK,Scenario 1 1-11,true,,258,20,20,980,0,0
1745807014828,980,User,200,OK,Scenario 1 1-4,true,,258,20,20,980,0,0
1745807014829,979,User,200,OK,Scenario 1 1-13,true,,258,20,20,979,0,0
1745807015343,466,User,200,OK,Scenario 1 1-2,true,,258,20,20,466,0,0
1745807015390,419,User,200,OK,Scenario 1 1-12,true,,258,20,20,419,0,0
1745807013796,2539,User,200,OK,Scenario 1 1-20,true,,261,20,20,2539,0,0
1745807015390,945,User,200,OK,Scenario 1 1-9,true,,257,20,20,945,0,0
1745807015679,657,User,200,OK,Scenario 1 1-15,true,,258,20,20,657,0,0
1745807015679,657,User,200,OK,Scenario 1 1-3,true,,258,20,20,657,0,0
1745807014351,2031,User,200,OK,Scenario 1 1-8,true,,261,20,20,2031,0,0
1745807015680,702,User,200,OK,Scenario 1 1-16,true,,258,20,20,702,0,0
1745807014757,1914,User,200,OK,Scenario 1 1-14,true,,261,20,20,1914,0,0
1745807015681,990,User,200,OK,Scenario 1 1-17,true,,258,20,20,990,0,0
1745807014758,1919,User,200,OK,Scenario 1 1-18,true,,261,20,20,1919,0,0
1745807015807,870,User,200,OK,Scenario 1 1-7,true,,258,20,20,870,0,0
1745807015390,1383,User,200,OK,Scenario 1 1-19,true,,261,20,20,1383,0,0
1745807015808,965,User,200,OK,Scenario 1 1-11,true,,258,20,20,965,0,0
1745807015680,1648,User,200,OK,Scenario 1 1-6,true,,261,20,20,1648,0,0
1745807015809,1520,User,200,OK,Scenario 1 1-13,true,,258,20,20,1519,0,0
1745807015809,1520,User,200,OK,Scenario 1 1-2,true,,258,20,20,1520,0,0
1745807015680,1694,User,200,OK,Scenario 1 1-10,true,,261,20,20,1694,0,0
1745807015808,1855,User,200,OK,Scenario 1 1-1,true,,261,20,20,1855,0,0
1745807015718,1945,User,200,OK,Scenario 1 1-5,true,,261,20,20,1945,0,0
1745807016336,1328,User,200,OK,Scenario 1 1-15,true,,257,20,20,1328,0,0
1745807016335,1329,User,200,OK,Scenario 1 1-9,true,,257,20,20,1329,0,0
1745807016336,1328,User,200,OK,Scenario 1 1-3,true,,257,20,20,1328,0,0
1745807016383,1281,User,200,OK,Scenario 1 1-16,true,,259,20,20,1281,0,0
1745807015808,1957,User,200,OK,Scenario 1 1-4,true,,261,20,20,1957,0,0
1745807016672,1093,User,200,OK,Scenario 1 1-17,true,,258,20,20,1093,0,0
1745807016677,1089,User,200,OK,Scenario 1 1-18,true,,258,20,20,1089,0,0
1745807015809,2490,User,200,OK,Scenario 1 1-12,true,,261,20,20,2490,0,0
1745807016773,1526,User,200,OK,Scenario 1 1-19,true,,258,20,20,1526,0,0
1745807016773,1527,User,200,OK,Scenario 1 1-11,true,,258,20,20,1527,0,0
1745807017328,972,User,200,OK,Scenario 1 1-6,true,,257,20,20,972,0,0
1745807016335,2031,User,200,OK,Scenario 1 1-20,true,,261,20,20,2031,0,0
1745807017329,1037,User,200,OK,Scenario 1 1-2,true,,258,20,20,1037,0,0
1745807017375,992,User,200,OK,Scenario 1 1-10,true,,258,20,20,992,0,0
1745807017664,703,User,200,OK,Scenario 1 1-9,true,,257,20,20,703,0,0
1745807017664,703,User,200,OK,Scenario 1 1-1,true,,258,20,20,703,0,0
1745807017664,704,User,200,OK,Scenario 1 1-5,true,,258,20,20,704,0,0
1745807017664,704,User,200,OK,Scenario 1 1-15,true,,258,20,20,704,0,0
1745807016382,2236,User,200,OK,Scenario 1 1-8,true,,261,20,20,2236,0,0
1745807017665,954,User,200,OK,Scenario 1 1-16,true,,258,20,20,954,0,0
1745807017765,854,User,200,OK,Scenario 1 1-4,true,,257,20,20,854,0,0
1745807017765,854,User,200,OK,Scenario 1 1-17,true,,258,20,20,854,0,0
1745807017766,854,User,200,OK,Scenario 1 1-18,true,,258,20,20,854,0,0
1745807018299,321,User,200,OK,Scenario 1 1-12,true,,258,20,20,321,0,0
1745807018300,320,User,200,OK,Scenario 1 1-19,true,,258,20,20,320,0,0
1745807018367,265,User,200,OK,Scenario 1 1-2,true,,258,20,20,265,0,0
1745807016671,1960,User,200,OK,Scenario 1 1-14,true,,261,20,20,1960,0,0
1745807018300,331,User,200,OK,Scenario 1 1-6,true,,258,20,20,331,0,0
1745807016678,2060,User,200,OK,Scenario 1 1-7,true,,261,20,20,2060,0,0
1745807018367,371,User,200,OK,Scenario 1 1-10,true,,258,20,20,371,0,0
1745807018367,372,User,200,OK,Scenario 1 1-9,true,,258,20,20,371,0,0
1745807018367,372,User,200,OK,Scenario 1 1-1,true,,257,20,20,372,0,0
1745807017329,1940,User,200,OK,Scenario 1 1-13,true,,261,20,20,1940,0,0
1745807018368,901,User,200,OK,Scenario 1 1-15,true,,258,20,20,901,0,0
1745807018618,651,User,200,OK,Scenario 1 1-8,true,,258,20,20,651,0,0
1745807018619,651,User,200,OK,Scenario 1 1-16,true,,258,20,20,651,0,0
1745807018619,651,User,200,OK,Scenario 1 1-4,true,,257,20,20,651,0,0
1745807017664,1694,User,200,OK,Scenario 1 1-3,true,,261,20,20,1694,0,0
1745807018620,739,User,200,OK,Scenario 1 1-18,true,,258,20,20,739,0,0
1745807018300,1274,User,200,OK,Scenario 1 1-11,true,,260,20,20,1274,0,0
1745807018620,954,User,200,OK,Scenario 1 1-19,true,,258,20,20,954,0,0
1745807018367,1256,User,200,OK,Scenario 1 1-20,true,,261,20,20,1256,0,0
1745807018648,975,User,200,OK,Scenario 1 1-6,true,,258,20,20,975,0,0
1745807018648,975,User,200,OK,Scenario 1 1-2,true,,258,20,20,975,0,0
1745807018738,886,User,200,OK,Scenario 1 1-7,true,,258,20,20,886,0,0
1745807018738,886,User,200,OK,Scenario 1 1-10,true,,258,20,20,886,0,0
1745807018739,885,User,200,OK,Scenario 1 1-1,true,,258,20,20,885,0,0
1745807018739,886,User,200,OK,Scenario 1 1-9,true,,258,20,20,886,0,0
1745807019269,356,User,200,OK,Scenario 1 1-13,true,,259,20,20,356,0,0
1745807019269,357,User,200,OK,Scenario 1 1-15,true,,259,20,20,357,0,0
1745807019269,357,User,200,OK,Scenario 1 1-8,true,,258,20,20,357,0,0
1745807019270,356,User,200,OK,Scenario 1 1-16,true,,258,20,20,356,0,0
1745807019270,357,User,200,OK,Scenario 1 1-4,true,,258,20,20,357,0,0
1745807018368,1361,User,200,OK,Scenario 1 1-5,true,,261,20,20,1361,0,0
1745807019359,370,User,200,OK,Scenario 1 1-18,true,,258,20,20,370,0,0
1745807019574,156,User,200,OK,Scenario 1 1-11,true,,258,20,20,156,0,0
1745807019574,156,User,200,OK,Scenario 1 1-19,true,,258,20,20,156,0,0
1745807018619,1618,User,200,OK,Scenario 1 1-17,true,,261,20,20,1618,0,0
1745807019623,615,User,200,OK,Scenario 1 1-6,true,,258,20,20,615,0,0
1745807018620,1729,User,200,OK,Scenario 1 1-12,true,,261,20,20,1729,0,0
1745807019624,726,User,200,OK,Scenario 1 1-7,true,,258,20,20,726,0,0
1745807019624,726,User,200,OK,Scenario 1 1-10,true,,258,20,20,726,0,0
1745807019625,725,User,200,OK,Scenario 1 1-1,true,,258,20,20,725,0,0
1745807019625,726,User,200,OK,Scenario 1 1-9,true,,258,20,20,726,0,0
1745807019625,726,User,200,OK,Scenario 1 1-13,true,,258,20,20,726,0,0
1745807019626,725,User,200,OK,Scenario 1 1-15,true,,258,20,20,725,0,0
1745807018648,1882,User,200,OK,Scenario 1 1-14,true,,261,20,20,1882,0,0
1745807019626,904,User,200,OK,Scenario 1 1-16,true,,257,20,20,904,0,0
1745807019359,1258,User,200,OK,Scenario 1 1-3,true,,261,20,20,1258,0,0
1745807019729,889,User,200,OK,Scenario 1 1-5,true,,258,20,20,889,0,0
1745807019623,1097,User,200,OK,Scenario 1 1-20,true,,261,20,20,1097,0,0
1745807019624,1604,User,200,OK,Scenario 1 1-2,true,,261,20,20,1604,0,0
1745807019730,1498,User,200,OK,Scenario 1 1-19,true,,258,20,20,1498,0,0
1745807020237,992,User,200,OK,Scenario 1 1-17,true,,258,20,20,992,0,0
1745807020238,991,User,200,OK,Scenario 1 1-6,true,,258,20,20,991,0,0
1745807020349,880,User,200,OK,Scenario 1 1-12,true,,258,20,20,880,0,0
1745807020350,880,User,200,OK,Scenario 1 1-7,true,,258,20,20,880,0,0
1745807020350,880,User,200,OK,Scenario 1 1-10,true,,258,20,20,880,0,0
1745807020350,880,User,200,OK,Scenario 1 1-1,true,,258,20,20,880,0,0
1745807020351,880,User,200,OK,Scenario 1 1-9,true,,258,20,20,880,0,0
1745807019626,1716,User,200,OK,Scenario 1 1-8,true,,261,20,20,1716,0,0
1745807020351,991,User,200,OK,Scenario 1 1-15,true,,258,20,20,991,0,0
1745807020530,812,User,200,OK,Scenario 1 1-14,true,,258,20,20,812,0,0
1745807020530,813,User,200,OK,Scenario 1 1-16,true,,258,20,20,813,0,0
1745807019627,1858,User,200,OK,Scenario 1 1-4,true,,261,20,20,1858,0,0
1745807020618,867,User,200,OK,Scenario 1 1-5,true,,258,20,20,867,0,0
1745807020721,764,User,200,OK,Scenario 1 1-20,true,,257,20,20,764,0,0
1745807021228,258,User,200,OK,Scenario 1 1-2,true,,258,20,20,258,0,0
1745807019729,1845,User,200,OK,Scenario 1 1-18,true,,261,20,20,1845,0,0
1745807019730,1951,User,200,OK,Scenario 1 1-11,true,,261,20,20,1951,0,0
1745807020351,1866,User,200,OK,Scenario 1 1-13,true,,261,20,20,1866,0,0
1745807020617,1717,User,200,OK,Scenario 1 1-3,true,,260,20,20,1717,0,0
1745807021230,1104,User,200,OK,Scenario 1 1-7,true,,258,20,20,1104,0,0
1745807021228,1212,User,200,OK,Scenario 1 1-19,true,,260,20,20,1212,0,0
1745807021230,1210,User,200,OK,Scenario 1 1-1,true,,258,20,20,1210,0,0
1745807021231,1210,User,200,OK,Scenario 1 1-9,true,,258,20,20,1210,0,0
1745807021229,1335,User,200,OK,Scenario 1 1-17,true,,261,20,20,1335,0,0
1745807021229,1415,User,200,OK,Scenario 1 1-6,true,,261,20,20,1415,0,0
1745807021229,1973,User,200,OK,Scenario 1 1-12,true,,261,20,20,1973,0,0
1745807021343,1860,User,200,OK,Scenario 1 1-16,true,,258,20,20,1860,0,0
1745807021485,1718,User,200,OK,Scenario 1 1-4,true,,258,20,20,1718,0,0
1745807021230,2095,User,200,OK,Scenario 1 1-10,true,,261,20,20,2095,0,0
1745807021485,1840,User,200,OK,Scenario 1 1-20,true,,258,20,20,1840,0,0
1745807021342,2083,User,200,OK,Scenario 1 1-8,true,,261,20,20,2083,0,0
1745807021574,1851,User,200,OK,Scenario 1 1-18,true,,258,20,20,1851,0,0
1745807021342,2213,User,200,OK,Scenario 1 1-15,true,,260,20,20,2213,0,0
1745807021343,2291,User,200,OK,Scenario 1 1-14,true,,261,20,20,2291,0,0
1745807022334,1301,User,200,OK,Scenario 1 1-3,true,,258,20,20,1301,0,0
1745807022334,1301,User,200,OK,Scenario 1 1-7,true,,258,20,20,1301,0,0
1745807022440,1196,User,200,OK,Scenario 1 1-19,true,,258,20,20,1195,0,0
1745807022440,1196,User,200,OK,Scenario 1 1-1,true,,258,20,20,1196,0,0
1745807021485,2709,User,200,OK,Scenario 1 1-5,true,,261,20,20,2709,0,0
1745807021486,2829,User,200,OK,Scenario 1 1-2,true,,261,20,20,2829,0,0
1745807021702,2714,User,200,OK,Scenario 1 1-11,true,,261,20,20,2714,0,0
1745807023203,1213,User,200,OK,Scenario 1 1-12,true,,258,20,20,1213,0,0
1745807023203,1213,User,200,OK,Scenario 1 1-16,true,,258,20,20,1213,0,0
1745807023203,1214,User,200,OK,Scenario 1 1-4,true,,258,20,20,1214,0,0
1745807023325,1092,User,200,OK,Scenario 1 1-10,true,,259,20,20,1092,0,0
1745807023325,1092,User,200,OK,Scenario 1 1-20,true,,258,20,20,1092,0,0
1745807023425,993,User,200,OK,Scenario 1 1-8,true,,257,20,20,993,0,0
1745807023425,993,User,200,OK,Scenario 1 1-18,true,,258,20,20,993,0,0
1745807022218,2327,User,200,OK,Scenario 1 1-13,true,,261,20,20,2327,0,0
1745807022441,2185,User,200,OK,Scenario 1 1-9,true,,260,20,20,2185,0,0
1745807023635,992,User,200,OK,Scenario 1 1-3,true,,258,20,20,992,0,0
1745807023635,992,User,200,OK,Scenario 1 1-7,true,,258,20,20,992,0,0
1745807023636,992,User,200,OK,Scenario 1 1-19,true,,258,20,20,992,0,0
1745807023636,992,User,200,OK,Scenario 1 1-1,true,,258,20,20,992,0,0
1745807022565,2619,User,200,OK,Scenario 1 1-17,true,,261,20,20,2619,0,0
1745807024316,868,User,200,OK,Scenario 1 1-2,true,,258,20,20,868,0,0
1745807024416,769,User,200,OK,Scenario 1 1-11,true,,258,20,20,769,0,0
1745807024416,769,User,200,OK,Scenario 1 1-12,true,,258,20,20,769,0,0
1745807022644,2646,User,200,OK,Scenario 1 1-6,true,,261,20,20,2646,0,0
1745807024417,873,User,200,OK,Scenario 1 1-4,true,,258,20,20,873,0,0
1745807024417,874,User,200,OK,Scenario 1 1-10,true,,257,20,20,874,0,0
1745807024417,874,User,200,OK,Scenario 1 1-20,true,,257,20,20,874,0,0
1745807024418,873,User,200,OK,Scenario 1 1-8,true,,258,20,20,873,0,0
1745807023555,1820,User,200,OK,Scenario 1 1-15,true,,261,20,20,1820,0,0
1745807024545,830,User,200,OK,Scenario 1 1-13,true,,258,20,20,830,0,0
1745807023635,1900,User,200,OK,Scenario 1 1-14,true,,261,20,20,1900,0,0
1745807024194,1425,User,200,OK,Scenario 1 1-5,true,,261,20,20,1424,0,0
1745807024627,992,User,200,OK,Scenario 1 1-7,true,,258,20,20,992,0,0
1745807024628,991,User,200,OK,Scenario 1 1-19,true,,258,20,20,991,0,0
1745807024628,991,User,200,OK,Scenario 1 1-1,true,,258,20,20,991,0,0
1745807025184,436,User,200,OK,Scenario 1 1-17,true,,258,20,20,436,0,0
1745807025184,436,User,200,OK,Scenario 1 1-2,true,,258,20,20,436,0,0
1745807025185,435,User,200,OK,Scenario 1 1-11,true,,258,20,20,435,0,0
1745807025185,436,User,200,OK,Scenario 1 1-12,true,,258,20,20,436,0,0
1745807025290,331,User,200,OK,Scenario 1 1-6,true,,258,20,20,331,0,0
1745807025291,330,User,200,OK,Scenario 1 1-4,true,,258,20,20,330,0,0
1745807025291,331,User,200,OK,Scenario 1 1-10,true,,258,20,20,331,0,0
1745807024416,1759,User,200,OK,Scenario 1 1-16,true,,260,20,20,1759,0,0
1745807025292,884,User,200,OK,Scenario 1 1-8,true,,258,20,20,884,0,0
1745807024418,1863,User,200,OK,Scenario 1 1-18,true,,261,20,20,1863,0,0
1745807025376,906,User,200,OK,Scenario 1 1-13,true,,258,20,20,906,0,0
1745807024627,1724,User,200,OK,Scenario 1 1-9,true,,261,20,20,1724,0,0
1745807024627,1897,User,200,OK,Scenario 1 1-3,true,,261,20,20,1897,0,0
1745807025619,906,User,200,OK,Scenario 1 1-7,true,,258,20,20,906,0,0
1745807025619,906,User,200,OK,Scenario 1 1-19,true,,258,20,20,906,0,0
1745807025620,905,User,200,OK,Scenario 1 1-1,true,,258,20,20,905,0,0
1745807025620,906,User,200,OK,Scenario 1 1-17,true,,258,20,20,906,0,0
1745807025620,906,User,200,OK,Scenario 1 1-2,true,,258,20,20,906,0,0
1745807025291,1320,User,200,OK,Scenario 1 1-20,true,,261,20,20,1320,0,0
1745807025621,991,User,200,OK,Scenario 1 1-12,true,,258,20,20,990,0,0
1745807025375,1791,User,200,OK,Scenario 1 1-15,true,,261,20,20,1791,0,0
1745807025535,1733,User,200,OK,Scenario 1 1-14,true,,261,20,20,1733,0,0
1745807025622,1646,User,200,OK,Scenario 1 1-10,true,,258,20,20,1646,0,0
1745807026176,1092,User,200,OK,Scenario 1 1-16,true,,258,20,20,1092,0,0
1745807026176,1093,User,200,OK,Scenario 1 1-8,true,,258,20,20,1093,0,0
1745807026283,986,User,200,OK,Scenario 1 1-13,true,,258,20,20,986,0,0
1745807025619,1712,User,200,OK,Scenario 1 1-5,true,,261,20,20,1712,0,0
1745807026352,980,User,200,OK,Scenario 1 1-9,true,,258,20,20,980,0,0
1745807026525,807,User,200,OK,Scenario 1 1-3,true,,258,20,20,807,0,0
1745807025621,1895,User,200,OK,Scenario 1 1-11,true,,261,20,20,1895,0,0
1745807025621,1980,User,200,OK,Scenario 1 1-6,true,,261,20,20,1980,0,0
1745807025622,2533,User,200,OK,Scenario 1 1-4,true,,261,20,20,2533,0,0
1745807026526,1629,User,200,OK,Scenario 1 1-17,true,,258,20,20,1629,0,0
1745807026526,1629,User,200,OK,Scenario 1 1-2,true,,258,20,20,1629,0,0
1745807026611,1545,User,200,OK,Scenario 1 1-20,true,,258,20,20,1545,0,0
1745807026283,1973,User,200,OK,Scenario 1 1-18,true,,260,20,20,1973,0,0
1745807026525,1763,User,200,OK,Scenario 1 1-7,true,,260,20,20,1763,0,0
1745807027268,1021,User,200,OK,Scenario 1 1-14,true,,258,20,20,1021,0,0
1745807026525,1980,User,200,OK,Scenario 1 1-19,true,,260,20,20,1980,0,0
1745807027268,1237,User,200,OK,Scenario 1 1-16,true,,258,20,20,1237,0,0
1745807027269,1237,User,200,OK,Scenario 1 1-8,true,,258,20,20,1237,0,0
1745807027269,1237,User,200,OK,Scenario 1 1-13,true,,258,20,20,1237,0,0
1745807027332,1174,User,200,OK,Scenario 1 1-5,true,,258,20,20,1174,0,0
1745807027332,1175,User,200,OK,Scenario 1 1-9,true,,258,20,20,1175,0,0
1745807027332,1175,User,200,OK,Scenario 1 1-3,true,,257,20,20,1175,0,0
1745807026525,2066,User,200,OK,Scenario 1 1-1,true,,261,20,20,2066,0,0
1745807026612,2533,User,200,OK,Scenario 1 1-12,true,,261,20,20,2533,0,0
1745807028155,991,User,200,OK,Scenario 1 1-4,true,,258,20,20,991,0,0
1745807028155,991,User,200,OK,Scenario 1 1-17,true,,258,20,20,991,0,0
1745807028156,991,User,200,OK,Scenario 1 1-2,true,,258,20,20,990,0,0
1745807028156,991,User,200,OK,Scenario 1 1-20,true,,258,20,20,991,0,0
1745807028256,891,User,200,OK,Scenario 1 1-18,true,,258,20,20,891,0,0
1745807028288,860,User,200,OK,Scenario 1 1-7,true,,258,20,20,860,0,0
1745807028289,859,User,200,OK,Scenario 1 1-14,true,,257,20,20,859,0,0
1745807027166,2065,User,200,OK,Scenario 1 1-15,true,,261,20,20,2065,0,0
1745807027268,1975,User,200,OK,Scenario 1 1-10,true,,261,20,20,1975,0,0
1745807028506,737,User,200,OK,Scenario 1 1-8,true,,257,20,20,737,0,0
1745807028506,738,User,200,OK,Scenario 1 1-13,true,,258,20,20,738,0,0
1745807027516,1981,User,200,OK,Scenario 1 1-11,true,,261,20,20,1980,0,0
1745807027602,1979,User,200,OK,Scenario 1 1-6,true,,261,20,20,1979,0,0
1745807028507,1074,User,200,OK,Scenario 1 1-3,true,,258,20,20,1074,0,0
1745807028505,1633,User,200,OK,Scenario 1 1-19,true,,261,20,20,1633,0,0
1745807029146,992,User,200,OK,Scenario 1 1-12,true,,258,20,20,992,0,0
1745807029146,992,User,200,OK,Scenario 1 1-4,true,,258,20,20,992,0,0
1745807028505,1716,User,200,OK,Scenario 1 1-16,true,,261,20,20,1716,0,0
1745807029147,1074,User,200,OK,Scenario 1 1-2,true,,258,20,20,1074,0,0
1745807029147,1074,User,200,OK,Scenario 1 1-20,true,,258,20,20,1074,0,0
1745807029147,1075,User,200,OK,Scenario 1 1-18,true,,258,20,20,1075,0,0
1745807028506,1727,User,200,OK,Scenario 1 1-5,true,,261,20,20,1727,0,0
1745807028507,1979,User,200,OK,Scenario 1 1-9,true,,261,20,20,1979,0,0
1745807029232,1254,User,200,OK,Scenario 1 1-15,true,,258,20,20,1254,0,0
1745807029243,1244,User,200,OK,Scenario 1 1-10,true,,258,20,20,1244,0,0
1745807029243,1244,User,200,OK,Scenario 1 1-8,true,,258,20,20,1244,0,0
1745807029244,1243,User,200,OK,Scenario 1 1-13,true,,258,20,20,1243,0,0
1745807028591,1979,User,200,OK,Scenario 1 1-1,true,,261,20,20,1979,0,0
1745807029581,989,User,200,OK,Scenario 1 1-6,true,,258,20,20,989,0,0
1745807029146,1982,User,200,OK,Scenario 1 1-17,true,,261,20,20,1982,0,0
1745807029148,2037,User,200,OK,Scenario 1 1-14,true,,261,20,20,2037,0,0
1745807030138,1048,User,200,OK,Scenario 1 1-12,true,,258,20,20,1048,0,0
1745807030138,1048,User,200,OK,Scenario 1 1-4,true,,258,20,20,1048,0,0
1745807029148,2048,User,200,OK,Scenario 1 1-7,true,,260,20,20,2048,0,0
1745807030221,976,User,200,OK,Scenario 1 1-2,true,,258,20,20,976,0,0
1745807030221,976,User,200,OK,Scenario 1 1-20,true,,258,20,20,976,0,0
1745807030222,975,User,200,OK,Scenario 1 1-18,true,,257,20,20,975,0,0
1745807029497,1951,User,200,OK,Scenario 1 1-11,true,,261,20,20,1951,0,0
1745807030487,962,User,200,OK,Scenario 1 1-15,true,,258,20,20,962,0,0
1745807030487,962,User,200,OK,Scenario 1 1-9,true,,258,20,20,962,0,0
1745807029581,1955,User,200,OK,Scenario 1 1-3,true,,261,20,20,1955,0,0
1745807030138,1979,User,200,OK,Scenario 1 1-19,true,,260,20,20,1979,0,0
1745807030221,1915,User,200,OK,Scenario 1 1-16,true,,261,20,20,1915,0,0
1745807030570,1566,User,200,OK,Scenario 1 1-1,true,,258,20,20,1566,0,0
1745807030233,1940,User,200,OK,Scenario 1 1-5,true,,261,20,20,1940,0,0
1745807031128,1045,User,200,OK,Scenario 1 1-17,true,,258,20,20,1045,0,0
1745807030487,1952,User,200,OK,Scenario 1 1-10,true,,261,20,20,1952,0,0
1745807031186,1253,User,200,OK,Scenario 1 1-12,true,,258,20,20,1253,0,0
1745807030487,2038,User,200,OK,Scenario 1 1-8,true,,261,20,20,2038,0,0
1745807031197,1329,User,200,OK,Scenario 1 1-7,true,,258,20,20,1329,0,0
1745807031197,1329,User,200,OK,Scenario 1 1-2,true,,258,20,20,1329,0,0
1745807030487,2620,User,200,OK,Scenario 1 1-13,true,,261,20,20,2620,0,0
1745807031198,1910,User,200,OK,Scenario 1 1-18,true,,258,20,20,1910,0,0
1745807031449,1659,User,200,OK,Scenario 1 1-11,true,,257,20,20,1659,0,0
1745807031449,1660,User,200,OK,Scenario 1 1-15,true,,258,20,20,1660,0,0
1745807030571,2553,User,200,OK,Scenario 1 1-6,true,,261,20,20,2553,0,0
1745807031536,1588,User,200,OK,Scenario 1 1-3,true,,258,20,20,1588,0,0
1745807032118,1007,User,200,OK,Scenario 1 1-19,true,,258,20,20,1007,0,0
1745807031185,1978,User,200,OK,Scenario 1 1-14,true,,261,20,20,1978,0,0
1745807031186,2243,User,200,OK,Scenario 1 1-4,true,,261,20,20,2243,0,0
1745807032173,1257,User,200,OK,Scenario 1 1-5,true,,258,20,20,1257,0,0
1745807032173,1257,User,200,OK,Scenario 1 1-17,true,,258,20,20,1257,0,0
1745807032439,991,User,200,OK,Scenario 1 1-12,true,,258,20,20,991,0,0
1745807032439,992,User,200,OK,Scenario 1 1-10,true,,258,20,20,992,0,0
1745807032526,905,User,200,OK,Scenario 1 1-8,true,,258,20,20,905,0,0
1745807031197,2319,User,200,OK,Scenario 1 1-20,true,,261,20,20,2319,0,0
1745807031449,2652,User,200,OK,Scenario 1 1-9,true,,261,20,20,2652,0,0
1745807033108,993,User,200,OK,Scenario 1 1-13,true,,257,20,20,993,0,0
1745807033108,993,User,200,OK,Scenario 1 1-18,true,,258,20,20,993,0,0
1745807032136,1967,User,200,OK,Scenario 1 1-16,true,,261,20,20,1967,0,0
1745807033109,995,User,200,OK,Scenario 1 1-15,true,,258,20,20,995,0,0
1745807032136,1988,User,200,OK,Scenario 1 1-1,true,,261,20,20,1988,0,0
1745807033124,1000,User,200,OK,Scenario 1 1-3,true,,258,20,20,1000,0,0
1745807033430,996,User,200,OK,Scenario 1 1-12,true,,258,20,20,996,0,0
1745807033430,995,User,200,OK,Scenario 1 1-17,true,,258,20,20,995,0,0
1745807033430,995,User,200,OK,Scenario 1 1-5,true,,258,20,20,995,0,0
1745807033430,994,User,200,OK,Scenario 1 1-4,true,,258,20,20,994,0,0
1745807033163,1261,User,200,OK,Scenario 1 1-14,true,,258,20,20,1261,0,0
1745807032526,1897,User,200,OK,Scenario 1 1-7,true,,261,20,20,1897,0,0
1745807032526,1982,User,200,OK,Scenario 1 1-2,true,,262,20,20,1982,0,0
1745807033124,1957,User,200,OK,Scenario 1 1-6,true,,261,20,20,1957,0,0
1745807033516,1566,User,200,OK,Scenario 1 1-20,true,,258,20,20,1565,0,0
1745807034101,981,User,200,OK,Scenario 1 1-9,true,,258,20,20,981,0,0
1745807034101,981,User,200,OK,Scenario 1 1-13,true,,258,20,20,981,0,0
1745807034102,981,User,200,OK,Scenario 1 1-18,true,,258,20,20,981,0,0
1745807034103,980,User,200,OK,Scenario 1 1-16,true,,258,20,20,980,0,0
1745807034104,979,User,200,OK,Scenario 1 1-15,true,,258,20,20,979,0,0
1745807034124,959,User,200,OK,Scenario 1 1-1,true,,258,20,20,959,0,0
1745807034124,960,User,200,OK,Scenario 1 1-3,true,,258,20,20,960,0,0
1745807034440,644,User,200,OK,Scenario 1 1-12,true,,258,20,20,644,0,0
1745807033109,1984,User,200,OK,Scenario 1 1-11,true,,261,20,20,1984,0,0
1745807034440,654,User,200,OK,Scenario 1 1-7,true,,258,20,20,654,0,0
1745807033125,1992,User,200,OK,Scenario 1 1-19,true,,261,20,20,1992,0,0
1745807034440,677,User,200,OK,Scenario 1 1-17,true,,257,20,20,677,0,0
1745807033431,1987,User,200,OK,Scenario 1 1-10,true,,261,20,20,1987,0,0
1745807034508,910,User,200,OK,Scenario 1 1-2,true,,258,20,20,910,0,0
1745807035081,338,User,200,OK,Scenario 1 1-6,true,,258,20,20,338,0,0
1745807035082,337,User,200,OK,Scenario 1 1-20,true,,258,20,20,337,0,0
1745807035082,337,User,200,OK,Scenario 1 1-9,true,,258,20,20,337,0,0
1745807035082,338,User,200,OK,Scenario 1 1-13,true,,258,20,20,338,0,0
1745807035083,337,User,200,OK,Scenario 1 1-18,true,,257,20,20,337,0,0
1745807033431,2054,User,200,OK,Scenario 1 1-8,true,,261,20,20,2053,0,0
1745807035083,402,User,200,OK,Scenario 1 1-15,true,,258,20,20,402,0,0
1745807034440,1635,User,200,OK,Scenario 1 1-4,true,,261,20,20,1635,0,0
1745807035084,991,User,200,OK,Scenario 1 1-3,true,,258,20,20,991,0,0
1745807034440,1646,User,200,OK,Scenario 1 1-14,true,,261,20,20,1646,0,0
1745807035094,992,User,200,OK,Scenario 1 1-11,true,,257,20,20,992,0,0
1745807034440,1656,User,200,OK,Scenario 1 1-5,true,,261,20,20,1656,0,0
1745807035117,979,User,200,OK,Scenario 1 1-19,true,,258,20,20,979,0,0
1745807035117,979,User,200,OK,Scenario 1 1-17,true,,258,20,20,979,0,0
1745807035083,1329,User,200,OK,Scenario 1 1-16,true,,261,20,20,1329,0,0
1745807035083,1378,User,200,OK,Scenario 1 1-1,true,,261,20,20,1378,0,0
1745807035419,1042,User,200,OK,Scenario 1 1-6,true,,258,20,20,1042,0,0
1745807035084,1983,User,200,OK,Scenario 1 1-12,true,,261,20,20,1983,0,0
1745807035419,1648,User,200,OK,Scenario 1 1-9,true,,258,20,20,1648,0,0
1745807035420,1648,User,200,OK,Scenario 1 1-13,true,,258,20,20,1647,0,0
1745807035094,1985,User,200,OK,Scenario 1 1-7,true,,261,20,20,1985,0,0
1745807035485,1594,User,200,OK,Scenario 1 1-8,true,,258,20,20,1594,0,0
1745807035485,1595,User,200,OK,Scenario 1 1-15,true,,258,20,20,1595,0,0
1745807035418,1671,User,200,OK,Scenario 1 1-10,true,,261,20,20,1670,0,0
1745807035418,1986,User,200,OK,Scenario 1 1-2,true,,261,20,20,1986,0,0
1745807035419,2018,User,200,OK,Scenario 1 1-20,true,,261,20,20,2017,0,0
1745807036086,1351,User,200,OK,Scenario 1 1-11,true,,259,20,20,1351,0,0
1745807035420,2624,User,200,OK,Scenario 1 1-18,true,,261,20,20,2624,0,0
1745807036096,1949,User,200,OK,Scenario 1 1-19,true,,258,20,20,1949,0,0
1745807036075,1997,User,200,OK,Scenario 1 1-4,true,,261,20,20,1997,0,0
1745807036412,1660,User,200,OK,Scenario 1 1-16,true,,258,20,20,1660,0,0
1745807036482,1591,User,200,OK,Scenario 1 1-1,true,,258,20,20,1591,0,0
1745807036482,1591,User,200,OK,Scenario 1 1-6,true,,258,20,20,1591,0,0
1745807037067,1006,User,200,OK,Scenario 1 1-12,true,,257,20,20,1006,0,0
1745807036075,2006,User,200,OK,Scenario 1 1-3,true,,261,20,20,2006,0,0
1745807037068,1013,User,200,OK,Scenario 1 1-13,true,,258,20,20,1013,0,0
1745807037079,1003,User,200,OK,Scenario 1 1-7,true,,258,20,20,1003,0,0
1745807036086,2310,User,200,OK,Scenario 1 1-14,true,,261,20,20,2310,0,0
1745807037080,1316,User,200,OK,Scenario 1 1-15,true,,258,20,20,1316,0,0
1745807037089,1308,User,200,OK,Scenario 1 1-10,true,,258,20,20,1308,0,0
1745807037404,993,User,200,OK,Scenario 1 1-2,true,,258,20,20,993,0,0
1745807037437,960,User,200,OK,Scenario 1 1-20,true,,258,20,20,960,0,0
1745807036096,2316,User,200,OK,Scenario 1 1-5,true,,261,20,20,2316,0,0
1745807038045,367,User,200,OK,Scenario 1 1-18,true,,258,20,20,367,0,0
1745807036097,2925,User,200,OK,Scenario 1 1-17,true,,261,20,20,2924,0,0
1745807038072,950,User,200,OK,Scenario 1 1-4,true,,258,20,20,950,0,0
1745807037067,1999,User,200,OK,Scenario 1 1-9,true,,260,20,20,1999,0,0
1745807037080,1994,User,200,OK,Scenario 1 1-8,true,,261,20,20,1994,0,0
1745807038073,1001,User,200,OK,Scenario 1 1-6,true,,258,20,20,1001,0,0
1745807038073,1001,User,200,OK,Scenario 1 1-12,true,,258,20,20,1001,0,0
1745807038081,994,User,200,OK,Scenario 1 1-3,true,,258,20,20,994,0,0
1745807038082,993,User,200,OK,Scenario 1 1-13,true,,258,20,20,993,0,0
1745807038082,993,User,200,OK,Scenario 1 1-7,true,,258,20,20,993,0,0
1745807038396,680,User,200,OK,Scenario 1 1-14,true,,258,20,20,680,0,0
1745807037437,1940,User,200,OK,Scenario 1 1-11,true,,260,20,20,1940,0,0
1745807038397,981,User,200,OK,Scenario 1 1-10,true,,258,20,20,981,0,0
1745807038397,981,User,200,OK,Scenario 1 1-2,true,,257,20,20,981,0,0
1745807038045,1342,User,200,OK,Scenario 1 1-19,true,,261,20,20,1342,0,0
1745807038412,975,User,200,OK,Scenario 1 1-5,true,,258,20,20,975,0,0
1745807038412,976,User,200,OK,Scenario 1 1-18,true,,257,20,20,976,0,0
1745807038072,1912,User,200,OK,Scenario 1 1-16,true,,261,20,20,1912,0,0
1745807039022,962,User,200,OK,Scenario 1 1-4,true,,257,20,20,962,0,0
1745807038073,1955,User,200,OK,Scenario 1 1-1,true,,261,20,20,1955,0,0
1745807039074,955,User,200,OK,Scenario 1 1-8,true,,257,20,20,955,0,0
1745807039074,956,User,200,OK,Scenario 1 1-6,true,,258,20,20,956,0,0
1745807039075,956,User,200,OK,Scenario 1 1-12,true,,258,20,20,956,0,0
1745807038397,1671,User,200,OK,Scenario 1 1-15,true,,261,20,20,1671,0,0
1745807039022,1340,User,200,OK,Scenario 1 1-17,true,,261,20,20,1340,0,0
1745807039075,1287,User,200,OK,Scenario 1 1-7,true,,258,20,20,1287,0,0
1745807039076,1287,User,200,OK,Scenario 1 1-14,true,,258,20,20,1287,0,0
1745807039377,986,User,200,OK,Scenario 1 1-11,true,,258,20,20,986,0,0
1745807038398,1972,User,200,OK,Scenario 1 1-20,true,,260,20,20,1972,0,0
1745807039378,993,User,200,OK,Scenario 1 1-2,true,,258,20,20,993,0,0
1745807039066,1894,User,200,OK,Scenario 1 1-9,true,,261,20,20,1894,0,0
1745807039075,1948,User,200,OK,Scenario 1 1-3,true,,261,20,20,1947,0,0
1745807039075,1956,User,200,OK,Scenario 1 1-13,true,,260,20,20,1956,0,0
1745807039984,1048,User,200,OK,Scenario 1 1-16,true,,258,20,20,1047,0,0
1745807039984,1048,User,200,OK,Scenario 1 1-4,true,,258,20,20,1048,0,0
1745807040028,1004,User,200,OK,Scenario 1 1-1,true,,258,20,20,1004,0,0
1745807040029,1004,User,200,OK,Scenario 1 1-8,true,,258,20,20,1004,0,0
1745807040054,979,User,200,OK,Scenario 1 1-12,true,,258,20,20,979,0,0
1745807039378,1958,User,200,OK,Scenario 1 1-10,true,,261,20,20,1958,0,0
1745807040068,1268,User,200,OK,Scenario 1 1-15,true,,258,20,20,1268,0,0
1745807040362,974,User,200,OK,Scenario 1 1-17,true,,258,20,20,974,0,0
1745807039387,1957,User,200,OK,Scenario 1 1-19,true,,261,20,20,1957,0,0
1745807039387,2565,User,200,OK,Scenario 1 1-5,true,,261,20,20,2565,0,0
1745807040363,1590,User,200,OK,Scenario 1 1-14,true,,258,20,20,1590,0,0
1745807040370,1583,User,200,OK,Scenario 1 1-20,true,,258,20,20,1583,0,0
1745807040371,1582,User,200,OK,Scenario 1 1-2,true,,258,20,20,1582,0,0
1745807039388,2627,User,200,OK,Scenario 1 1-18,true,,261,20,20,2627,0,0
1745807040054,1971,User,200,OK,Scenario 1 1-6,true,,261,20,20,1971,0,0
1745807041031,995,User,200,OK,Scenario 1 1-13,true,,258,20,20,995,0,0
1745807041032,994,User,200,OK,Scenario 1 1-16,true,,258,20,20,994,0,0
1745807041032,994,User,200,OK,Scenario 1 1-4,true,,258,20,20,994,0,0
1745807040362,1947,User,200,OK,Scenario 1 1-7,true,,261,20,20,1947,0,0
1745807041033,1277,User,200,OK,Scenario 1 1-8,true,,258,20,20,1276,0,0
1745807040363,1973,User,200,OK,Scenario 1 1-11,true,,261,20,20,1973,0,0
1745807041336,1000,User,200,OK,Scenario 1 1-10,true,,258,20,20,1000,0,0
1745807041336,1001,User,200,OK,Scenario 1 1-15,true,,258,20,20,1001,0,0
1745807040960,1969,User,200,OK,Scenario 1 1-9,true,,261,20,20,1969,0,0
1745807041033,1955,User,200,OK,Scenario 1 1-1,true,,261,20,20,1955,0,0
1745807041953,1036,User,200,OK,Scenario 1 1-5,true,,258,20,20,1036,0,0
1745807041953,1036,User,200,OK,Scenario 1 1-14,true,,257,20,20,1036,0,0
1745807041953,1037,User,200,OK,Scenario 1 1-20,true,,258,20,20,1037,0,0
1745807041954,1036,User,200,OK,Scenario 1 1-2,true,,258,20,20,1036,0,0
1745807042015,975,User,200,OK,Scenario 1 1-18,true,,258,20,20,975,0,0
1745807042026,964,User,200,OK,Scenario 1 1-13,true,,257,20,20,964,0,0
1745807042026,965,User,200,OK,Scenario 1 1-6,true,,258,20,20,965,0,0
1745807042026,965,User,200,OK,Scenario 1 1-16,true,,258,20,20,965,0,0
1745807042026,965,User,200,OK,Scenario 1 1-4,true,,258,20,20,965,0,0
1745807041023,1984,User,200,OK,Scenario 1 1-3,true,,261,20,20,1984,0,0
1745807041033,2248,User,200,OK,Scenario 1 1-12,true,,261,20,20,2248,0,0
1745807042336,945,User,200,OK,Scenario 1 1-11,true,,258,20,20,945,0,0
1745807041336,1993,User,200,OK,Scenario 1 1-17,true,,261,20,20,1993,0,0
1745807042337,992,User,200,OK,Scenario 1 1-15,true,,258,20,20,992,0,0
1745807042930,399,User,200,OK,Scenario 1 1-9,true,,257,20,20,399,0,0
1745807042989,341,User,200,OK,Scenario 1 1-1,true,,258,20,20,341,0,0
1745807042989,341,User,200,OK,Scenario 1 1-5,true,,258,20,20,341,0,0
1745807042989,341,User,200,OK,Scenario 1 1-14,true,,258,20,20,341,0,0
1745807041344,2577,User,200,OK,Scenario 1 1-19,true,,261,20,20,2577,0,0
1745807042990,931,User,200,OK,Scenario 1 1-2,true,,258,20,20,931,0,0
1745807042990,932,User,200,OK,Scenario 1 1-18,true,,257,20,20,932,0,0
1745807042991,931,User,200,OK,Scenario 1 1-13,true,,258,20,20,931,0,0
1745807042991,932,User,200,OK,Scenario 1 1-6,true,,258,20,20,932,0,0
1745807042991,932,User,200,OK,Scenario 1 1-16,true,,258,20,20,932,0,0
1745807042991,932,User,200,OK,Scenario 1 1-4,true,,258,20,20,932,0,0
1745807043007,917,User,200,OK,Scenario 1 1-3,true,,258,20,20,917,0,0
1745807043281,643,User,200,OK,Scenario 1 1-12,true,,258,20,20,643,0,0
1745807043282,642,User,200,OK,Scenario 1 1-11,true,,258,20,20,642,0,0
1745807043329,595,User,200,OK,Scenario 1 1-17,true,,258,20,20,595,0,0
1745807043329,596,User,200,OK,Scenario 1 1-15,true,,258,20,20,596,0,0
1745807043330,595,User,200,OK,Scenario 1 1-9,true,,258,20,20,595,0,0
1745807043330,595,User,200,OK,Scenario 1 1-1,true,,258,20,20,595,0,0
1745807043330,596,User,200,OK,Scenario 1 1-5,true,,258,20,20,596,0,0
1745807042309,1642,User,200,OK,Scenario 1 1-7,true,,261,20,20,1642,0,0
1745807043921,31,User,200,OK,Scenario 1 1-19,true,,258,20,20,31,0,0
1745807042310,1689,User,200,OK,Scenario 1 1-8,true,,260,20,20,1689,0,0
1745807043922,77,User,200,OK,Scenario 1 1-18,true,,258,20,20,77,0,0
1745807042336,1916,User,200,OK,Scenario 1 1-10,true,,260,20,20,1916,0,0
1745807043923,329,User,200,OK,Scenario 1 1-6,true,,258,20,20,329,0,0
1745807043923,329,User,200,OK,Scenario 1 1-16,true,,258,20,20,329,0,0
1745807043923,330,User,200,OK,Scenario 1 1-4,true,,258,20,20,330,0,0
1745807043924,329,User,200,OK,Scenario 1 1-3,true,,258,20,20,329,0,0
1745807043924,329,User,200,OK,Scenario 1 1-12,true,,258,20,20,329,0,0
1745807043924,330,User,200,OK,Scenario 1 1-11,true,,258,20,20,330,0,0
1745807043925,329,User,200,OK,Scenario 1 1-17,true,,258,20,20,329,0,0
1745807043925,329,User,200,OK,Scenario 1 1-15,true,,258,20,20,329,0,0
1745807043925,330,User,200,OK,Scenario 1 1-9,true,,258,20,20,330,0,0
1745807043925,330,User,200,OK,Scenario 1 1-1,true,,258,20,20,330,0,0
1745807042990,1332,User,200,OK,Scenario 1 1-20,true,,261,20,20,1332,0,0
1745807043952,371,User,200,OK,Scenario 1 1-7,true,,258,20,20,371,0,0
1745807043952,371,User,200,OK,Scenario 1 1-19,true,,257,20,20,371,0,0
1745807043999,324,User,200,OK,Scenario 1 1-8,true,,258,20,20,324,0,0
1745807043999,325,User,200,OK,Scenario 1 1-18,true,,258,20,20,325,0,0
1745807044252,72,User,200,OK,Scenario 1 1-10,true,,258,20,20,72,0,0
1745807043330,1560,User,200,OK,Scenario 1 1-14,true,,260,20,20,1560,0,0
1745807043922,1008,User,200,OK,Scenario 1 1-2,true,,260,20,20,1008,0,0
1745807044253,677,User,200,OK,Scenario 1 1-4,true,,258,20,20,677,0,0
1745807043922,1069,User,200,OK,Scenario 1 1-13,true,,260,20,20,1069,0,0
1745807044254,737,User,200,OK,Scenario 1 1-12,true,,258,20,20,737,0,0
1745807044254,737,User,200,OK,Scenario 1 1-11,true,,258,20,20,737,0,0
1745807044254,738,User,200,OK,Scenario 1 1-17,true,,258,20,20,738,0,0
1745807044255,737,User,200,OK,Scenario 1 1-15,true,,258,20,20,737,0,0
1745807044255,737,User,200,OK,Scenario 1 1-9,true,,258,20,20,737,0,0
1745807043926,1299,User,200,OK,Scenario 1 1-5,true,,260,20,20,1299,0,0
1745807044323,902,User,200,OK,Scenario 1 1-20,true,,258,20,20,902,0,0
1745807044323,902,User,200,OK,Scenario 1 1-7,true,,257,20,20,902,0,0
1745807044323,903,User,200,OK,Scenario 1 1-19,true,,258,20,20,903,0,0
1745807044324,902,User,200,OK,Scenario 1 1-8,true,,258,20,20,902,0,0
1745807044324,902,User,200,OK,Scenario 1 1-18,true,,258,20,20,902,0,0
1745807044252,1064,User,200,OK,Scenario 1 1-6,true,,261,20,20,1064,0,0
1745807044890,426,User,200,OK,Scenario 1 1-14,true,,258,20,20,426,0,0
1745807044930,386,User,200,OK,Scenario 1 1-2,true,,258,20,20,386,0,0
1745807044931,386,User,200,OK,Scenario 1 1-4,true,,258,20,20,386,0,0
1745807044991,326,User,200,OK,Scenario 1 1-13,true,,257,20,20,326,0,0
1745807044991,327,User,200,OK,Scenario 1 1-12,true,,258,20,20,327,0,0
1745807044991,327,User,200,OK,Scenario 1 1-11,true,,258,20,20,327,0,0
1745807044992,326,User,200,OK,Scenario 1 1-17,true,,258,20,20,326,0,0
1745807044992,327,User,200,OK,Scenario 1 1-15,true,,257,20,20,327,0,0
1745807044992,327,User,200,OK,Scenario 1 1-9,true,,258,20,20,327,0,0
1745807045225,94,User,200,OK,Scenario 1 1-5,true,,258,20,20,94,0,0
1745807045225,95,User,200,OK,Scenario 1 1-20,true,,258,20,20,95,0,0
1745807045225,95,User,200,OK,Scenario 1 1-7,true,,258,20,20,95,0,0
1745807045226,94,User,200,OK,Scenario 1 1-19,true,,258,20,20,94,0,0
1745807045226,95,User,200,OK,Scenario 1 1-8,true,,258,20,20,95,0,0
1745807045226,95,User,200,OK,Scenario 1 1-18,true,,258,20,20,95,0,0
1745807045316,5,User,200,OK,Scenario 1 1-6,true,,258,20,20,5,0,0
1745807045316,6,User,200,OK,Scenario 1 1-14,true,,258,20,20,6,0,0
1745807045317,5,User,200,OK,Scenario 1 1-2,true,,257,20,20,5,0,0
1745807044253,1628,User,200,OK,Scenario 1 1-16,true,,261,20,20,1628,0,0
1745807045317,565,User,200,OK,Scenario 1 1-13,true,,258,20,20,565,0,0
1745807045318,564,User,200,OK,Scenario 1 1-12,true,,258,20,20,564,0,0
1745807045318,565,User,200,OK,Scenario 1 1-11,true,,258,20,20,565,0,0
1745807045318,565,User,200,OK,Scenario 1 1-17,true,,258,20,20,565,0,0
1745807045319,564,User,200,OK,Scenario 1 1-15,true,,258,20,20,564,0,0
1745807044253,1652,User,200,OK,Scenario 1 1-3,true,,261,20,20,1652,0,0
1745807044255,1729,User,200,OK,Scenario 1 1-1,true,,261,20,20,1729,0,0
1745807045320,665,User,200,OK,Scenario 1 1-20,true,,258,20,20,665,0,0
1745807045320,665,User,200,OK,Scenario 1 1-7,true,,258,20,20,665,0,0
1745807045320,666,User,200,OK,Scenario 1 1-19,true,,258,20,20,665,0,0
1745807045321,665,User,200,OK,Scenario 1 1-8,true,,257,20,20,665,0,0
1745807045321,665,User,200,OK,Scenario 1 1-18,true,,258,20,20,665,0,0
1745807045321,665,User,200,OK,Scenario 1 1-6,true,,258,20,20,665,0,0
1745807045322,665,User,200,OK,Scenario 1 1-14,true,,258,20,20,665,0,0
1745807045322,665,User,200,OK,Scenario 1 1-2,true,,258,20,20,665,0,0
1745807045882,105,User,200,OK,Scenario 1 1-16,true,,258,20,20,105,0,0
1745807044324,1866,User,200,OK,Scenario 1 1-10,true,,261,20,20,1866,0,0
1745807045882,308,User,200,OK,Scenario 1 1-12,true,,258,20,20,308,0,0
1745807045317,972,User,200,OK,Scenario 1 1-4,true,,261,20,20,972,0,0
1745807045883,407,User,200,OK,Scenario 1 1-17,true,,258,20,20,406,0,0
1745807045883,407,User,200,OK,Scenario 1 1-15,true,,257,20,20,407,0,0
1745807045906,384,User,200,OK,Scenario 1 1-3,true,,257,20,20,384,0,0
1745807045984,306,User,200,OK,Scenario 1 1-1,true,,258,20,20,306,0,0
1745807045985,306,User,200,OK,Scenario 1 1-20,true,,258,20,20,306,0,0
1745807045985,306,User,200,OK,Scenario 1 1-7,true,,258,20,20,306,0,0
1745807045986,305,User,200,OK,Scenario 1 1-19,true,,258,20,20,305,0,0
1745807045319,1524,User,200,OK,Scenario 1 1-9,true,,260,20,20,1524,0,0
1745807045986,857,User,200,OK,Scenario 1 1-18,true,,258,20,20,857,0,0
1745807045319,1546,User,200,OK,Scenario 1 1-5,true,,261,20,20,1546,0,0
1745807045987,879,User,200,OK,Scenario 1 1-14,true,,258,20,20,878,0,0
1745807045987,879,User,200,OK,Scenario 1 1-2,true,,257,20,20,879,0,0
1745807045882,1097,User,200,OK,Scenario 1 1-13,true,,261,20,20,1097,0,0
1745807045883,1274,User,200,OK,Scenario 1 1-11,true,,261,20,20,1274,0,0
1745807045986,1297,User,200,OK,Scenario 1 1-8,true,,261,20,20,1297,0,0
1745807046289,994,User,200,OK,Scenario 1 1-4,true,,258,20,20,994,0,0
1745807045987,1848,User,200,OK,Scenario 1 1-6,true,,261,20,20,1848,0,0
1745807046290,1545,User,200,OK,Scenario 1 1-15,true,,258,20,20,1545,0,0
1745807045987,1871,User,200,OK,Scenario 1 1-16,true,,261,20,20,1871,0,0
1745807046290,1569,User,200,OK,Scenario 1 1-1,true,,258,20,20,1569,0,0
1745807046190,1781,User,200,OK,Scenario 1 1-10,true,,261,20,20,1781,0,0
1745807046190,1932,User,200,OK,Scenario 1 1-12,true,,261,20,20,1932,0,0
1745807046291,1832,User,200,OK,Scenario 1 1-19,true,,258,20,20,1832,0,0
1745807046843,1280,User,200,OK,Scenario 1 1-9,true,,259,20,20,1280,0,0
1745807046843,1280,User,200,OK,Scenario 1 1-18,true,,258,20,20,1280,0,0
1745807046865,1259,User,200,OK,Scenario 1 1-5,true,,258,20,20,1259,0,0
1745807046866,1258,User,200,OK,Scenario 1 1-14,true,,258,20,20,1258,0,0
1745807046290,1985,User,200,OK,Scenario 1 1-17,true,,261,20,20,1985,0,0
1745807046979,1296,User,200,OK,Scenario 1 1-13,true,,258,20,20,1296,0,0
1745807047157,1119,User,200,OK,Scenario 1 1-11,true,,258,20,20,1119,0,0
1745807047283,993,User,200,OK,Scenario 1 1-8,true,,257,20,20,993,0,0
1745807047284,992,User,200,OK,Scenario 1 1-4,true,,257,20,20,992,0,0
1745807046290,2522,User,200,OK,Scenario 1 1-3,true,,261,20,20,2522,0,0
1745807046291,2546,User,200,OK,Scenario 1 1-20,true,,261,20,20,2546,0,0
1745807047859,978,User,200,OK,Scenario 1 1-16,true,,258,20,20,978,0,0
1745807047859,979,User,200,OK,Scenario 1 1-1,true,,258,20,20,979,0,0
1745807047971,867,User,200,OK,Scenario 1 1-10,true,,257,20,20,867,0,0
1745807048122,717,User,200,OK,Scenario 1 1-12,true,,258,20,20,717,0,0
1745807048123,716,User,200,OK,Scenario 1 1-19,true,,257,20,20,716,0,0
1745807046291,2663,User,200,OK,Scenario 1 1-7,true,,261,20,20,2663,0,0
1745807048123,831,User,200,OK,Scenario 1 1-18,true,,257,20,20,831,0,0
1745807046866,2223,User,200,OK,Scenario 1 1-2,true,,261,20,20,2223,0,0
1745807048124,965,User,200,OK,Scenario 1 1-14,true,,258,20,20,965,0,0
1745807048275,814,User,200,OK,Scenario 1 1-17,true,,258,20,20,814,0,0
1745807048276,814,User,200,OK,Scenario 1 1-13,true,,258,20,20,814,0,0
1745807048276,814,User,200,OK,Scenario 1 1-11,true,,257,20,20,814,0,0
1745807048276,814,User,200,OK,Scenario 1 1-8,true,,257,20,20,814,0,0
1745807048276,814,User,200,OK,Scenario 1 1-4,true,,258,20,20,814,0,0
1745807048812,279,User,200,OK,Scenario 1 1-3,true,,258,20,20,279,0,0
1745807048837,254,User,200,OK,Scenario 1 1-20,true,,258,20,20,254,0,0
1745807048837,254,User,200,OK,Scenario 1 1-16,true,,258,20,20,254,0,0
1745807047835,1433,User,200,OK,Scenario 1 1-6,true,,261,20,20,1433,0,0
1745807048838,431,User,200,OK,Scenario 1 1-10,true,,258,20,20,431,0,0
1745807047835,1944,User,200,OK,Scenario 1 1-15,true,,261,20,20,1944,0,0
1745807048839,940,User,200,OK,Scenario 1 1-19,true,,258,20,20,940,0,0
1745807048954,825,User,200,OK,Scenario 1 1-7,true,,258,20,20,825,0,0
1745807048954,826,User,200,OK,Scenario 1 1-18,true,,258,20,20,826,0,0
1745807049089,691,User,200,OK,Scenario 1 1-2,true,,258,20,20,691,0,0
1745807049089,691,User,200,OK,Scenario 1 1-14,true,,258,20,20,691,0,0
1745807049089,692,User,200,OK,Scenario 1 1-17,true,,258,20,20,692,0,0
1745807049090,691,User,200,OK,Scenario 1 1-13,true,,257,20,20,691,0,0
1745807049090,691,User,200,OK,Scenario 1 1-11,true,,258,20,20,691,0,0
1745807048123,1684,User,200,OK,Scenario 1 1-9,true,,261,20,20,1684,0,0
1745807049091,716,User,200,OK,Scenario 1 1-4,true,,258,20,20,716,0,0
1745807049091,716,User,200,OK,Scenario 1 1-3,true,,258,20,20,716,0,0
1745807049091,717,User,200,OK,Scenario 1 1-20,true,,258,20,20,717,0,0
1745807049091,717,User,200,OK,Scenario 1 1-16,true,,258,20,20,717,0,0
1745807048124,1822,User,200,OK,Scenario 1 1-5,true,,261,20,20,1822,0,0
1745807048838,1214,User,200,OK,Scenario 1 1-1,true,,261,20,20,1214,0,0
1745807049779,273,User,200,OK,Scenario 1 1-15,true,,258,20,20,273,0,0
1745807048839,1421,User,200,OK,Scenario 1 1-12,true,,260,20,20,1421,0,0
1745807049090,1661,User,200,OK,Scenario 1 1-8,true,,261,20,20,1661,0,0
1745807049780,971,User,200,OK,Scenario 1 1-18,true,,258,19,19,971,0,0
1745807049780,971,User,200,OK,Scenario 1 1-2,true,,258,19,19,971,0,0
1745807049780,972,User,200,OK,Scenario 1 1-14,true,,258,17,17,972,0,0
1745807049781,971,User,200,OK,Scenario 1 1-17,true,,258,17,17,971,0,0
1745807049781,972,User,200,OK,Scenario 1 1-13,true,,258,16,16,971,0,0
1745807049781,972,User,200,OK,Scenario 1 1-11,true,,257,15,15,972,0,0
1745807049807,946,User,200,OK,Scenario 1 1-9,true,,257,13,13,946,0,0
1745807049268,1499,User,200,OK,Scenario 1 1-6,true,,261,12,12,1499,0,0
1745807049269,1638,User,200,OK,Scenario 1 1-10,true,,261,11,11,1638,0,0
1745807049808,1100,User,200,OK,Scenario 1 1-20,true,,258,10,10,1100,0,0
1745807049808,1100,User,200,OK,Scenario 1 1-16,true,,258,10,10,1100,0,0
1745807049946,963,User,200,OK,Scenario 1 1-5,true,,258,8,8,963,0,0
1745807050052,857,User,200,OK,Scenario 1 1-1,true,,258,7,7,857,0,0
1745807050052,857,User,200,OK,Scenario 1 1-15,true,,257,6,6,857,0,0
1745807050266,644,User,200,OK,Scenario 1 1-12,true,,258,5,5,644,0,0
1745807049779,1236,User,200,OK,Scenario 1 1-19,true,,261,4,4,1236,0,0
1745807049779,1451,User,200,OK,Scenario 1 1-7,true,,261,3,3,1451,0,0
1745807049807,1927,User,200,OK,Scenario 1 1-4,true,,261,2,2,1926,0,0
1745807049807,1952,User,200,OK,Scenario 1 1-3,true,,261,1,1,1952,0,0
